[
    {   
        "id": "p001",
        "name": "Apple iPhone 5S 16Gb Silver",
        "photo": "images/1.jpg",
        "price": {
            "value": 4674,
            "currency": "MDL"
        }
    },
    {    
         "id": "p002",
         "name": "Samsung SM-J730F Galaxy J7 3Gb/16Gb Duos Black",
         "photo": "images/2.jpg",
         "price": {
             "value": 3564,
             "currency": "EUR"
         }

    },
    {
         "id": "p003",
         "name": "Apple iPhone 6 32Gb Space Gray",
         "photo": "images/3.jpg",
         "price": {
             "value": 6798,
             "currency": "MDL"
         }
         

    },
    {
         "id": "p004",
         "name": "Samsung SM-J530F Galaxy J5 2Gb/16Gb Black ",
         "photo": "images/4.jpeg",
         "price": {
             "value": 3505,
             "currency": "MDL"
         }

    },
    {
         "id": "p005",
         "name": "Xiaomi Redmi Note 6 Pro 4Gb/64Gb Black ",
         "photo": "images/5.jpeg",
         "price": {
             "value": 4798,
             "currency": "MDL"
         }

    }
]